row,col,r,g,b,hex
0,0,149,135,99,#958763
0,1,165,143,105,#A58F69
0,2,165,145,105,#A59169
0,3,95,78,46,#5F4E2E
0,4,71,54,26,#47361A
0,5,75,57,30,#4B391E
0,6,79,63,33,#4F3F21
0,7,80,63,31,#503F1F
0,8,87,68,35,#574423
0,9,77,60,31,#4D3C1F
0,10,74,57,31,#4A391F
0,11,74,57,28,#4A391C
0,12,72,55,27,#48371B
0,13,71,53,28,#47351C
0,14,41,32,19,#292013
0,15,24,19,16,#181310
0,16,27,20,16,#1B1410
0,17,30,23,16,#1E1710
0,18,29,23,17,#1D1711
0,19,28,21,15,#1C150F
0,20,50,39,26,#32271A
0,21,97,80,52,#615034
0,22,123,102,63,#7B663F
0,23,122,102,63,#7A663F
0,24,117,99,64,#756340
0,25,100,84,53,#645435
0,26,70,57,38,#463926
0,27,40,32,21,#282015
0,28,35,28,21,#231C15
0,29,42,33,22,#2A2116
0,30,45,35,23,#2D2317
0,31,47,37,23,#2F2517
0,32,46,38,24,#2E2618
0,33,44,35,25,#2C2319
0,34,44,35,24,#2C2318
0,35,45,35,27,#2D231B
0,36,37,28,22,#251C16
0,37,52,42,29,#342A1D
0,38,112,95,64,#705F40
0,39,141,118,75,#8D764B
0,40,134,112,70,#867046
0,41,130,106,66,#826A42
0,42,107,84,50,#6B5432
0,43,135,111,68,#876F44
0,44,152,127,83,#987F53
0,45,106,88,58,#6A583A
0,46,44,35,24,#2C2318
0,47,33,26,19,#211A13
1,0,142,127,91,#8E7F5B
1,1,146,120,87,#927857
1,2,181,154,112,#B59A70
1,3,152,128,89,#988059
1,4,77,59,34,#4D3B22
1,5,72,55,28,#48371C
1,6,77,61,32,#4D3D20
1,7,81,63,33,#513F21
1,8,86,67,34,#564322
1,9,80,63,32,#503F20
1,10,75,59,33,#4B3B21
1,11,76,60,31,#4C3C1F
1,12,80,64,32,#504020
1,13,81,64,34,#514022
1,14,48,36,21,#302415
1,15,24,21,16,#181510
1,16,26,22,17,#1A1611
1,17,34,25,18,#221912
1,18,41,30,19,#291E13
1,19,70,56,37,#463825
1,20,98,83,56,#625338
1,21,118,100,66,#766442
1,22,96,82,52,#605234
1,23,80,68,45,#50442D
1,24,88,72,42,#58482A
1,25,86,69,39,#564527
1,26,91,74,43,#5B4A2B
1,27,59,47,26,#3B2F1A
1,28,32,24,14,#20180E
1,29,40,33,21,#282115
1,30,43,34,23,#2B2217
1,31,45,36,25,#2D2419
1,32,47,39,27,#2F271B
1,33,43,35,25,#2B2319
1,34,45,35,27,#2D231B
1,35,33,27,20,#211B14
1,36,65,54,39,#413627
1,37,131,110,75,#836E4B
1,38,129,105,67,#816943
1,39,125,100,62,#7D643E
1,40,129,104,63,#81683F
1,41,103,84,49,#675431
1,42,61,47,27,#3D2F1B
1,43,103,83,50,#675332
1,44,141,116,72,#8D7448
1,45,166,141,90,#A68D5A
1,46,137,115,79,#89734F
1,47,55,42,29,#372A1D
2,0,143,128,91,#8F805B
2,1,89,71,47,#59472F
2,2,132,104,68,#846844
2,3,134,108,71,#866C47
2,4,66,47,27,#422F1B
2,5,66,48,28,#42301C
2,6,71,54,28,#47361C
2,7,79,62,34,#4F3E22
2,8,85,66,37,#554225
2,9,82,66,35,#524223
2,10,82,65,37,#524125
2,11,82,65,36,#524124
2,12,87,70,37,#574625
2,13,84,67,36,#544324
2,14,50,36,24,#322418
2,15,27,22,18,#1B1612
2,16,35,28,21,#231C15
2,17,46,35,21,#2E2315
2,18,51,38,21,#332615
2,19,123,98,66,#7B6242
2,20,140,114,81,#8C7251
2,21,141,114,83,#8D7253
2,22,120,93,64,#785D40
2,23,81,70,48,#514630
2,24,167,155,127,#A79B7F
2,25,184,172,143,#B8AC8F
2,26,174,163,135,#AEA387
2,27,174,162,133,#AEA285
2,28,139,129,108,#8B816C
2,29,46,38,29,#2E261D
2,30,41,34,24,#292218
2,31,49,41,29,#31291D
2,32,51,42,30,#332A1E
2,33,46,36,28,#2E241C
2,34,38,31,24,#261F18
2,35,52,42,30,#342A1E
2,36,127,106,73,#7F6A49
2,37,108,86,53,#6C5635
2,38,107,86,56,#6B5638
2,39,146,129,100,#928164
2,40,128,115,88,#807358
2,41,57,45,30,#392D1E
2,42,55,45,30,#372D1E
2,43,55,45,33,#372D21
2,44,114,94,61,#725E3D
2,45,153,128,81,#998051
2,46,159,133,87,#9F8557
2,47,137,115,76,#89734C
3,0,149,134,97,#958661
3,1,100,85,57,#645539
3,2,94,69,35,#5E4523
3,3,121,97,64,#796140
3,4,93,77,54,#5D4D36
3,5,65,48,26,#41301A
3,6,77,59,34,#4D3B22
3,7,79,60,36,#4F3C24
3,8,72,54,32,#483620
3,9,80,63,34,#503F22
3,10,86,69,39,#564527
3,11,84,68,38,#544426
3,12,93,76,41,#5D4C29
3,13,85,68,37,#554425
3,14,52,40,25,#342819
3,15,32,24,19,#201813
3,16,36,30,21,#241E15
3,17,47,38,24,#2F2618
3,18,101,81,53,#655135
3,19,170,138,101,#AA8A65
3,20,200,170,129,#C8AA81
3,21,194,162,122,#C2A27A
3,22,170,135,98,#AA8762
3,23,106,84,60,#6A543C
3,24,136,128,107,#88806B
3,25,219,212,183,#DBD4B7
3,26,212,206,176,#D4CEB0
3,27,213,206,178,#D5CEB2
3,28,221,214,185,#DDD6B9
3,29,105,97,79,#69614F
3,30,37,30,21,#251E15
3,31,55,48,33,#373021
3,32,54,45,32,#362D20
3,33,51,42,32,#332A20
3,34,42,33,24,#2A2118
3,35,116,100,73,#746449
3,36,176,160,129,#B0A081
3,37,165,152,124,#A5987C
3,38,185,174,145,#B9AE91
3,39,203,195,169,#CBC3A9
3,40,197,188,164,#C5BCA4
3,41,176,165,140,#B0A58C
3,42,170,158,131,#AA9E83
3,43,173,162,135,#ADA287
3,44,132,111,78,#846F4E
3,45,124,97,59,#7C613B
3,46,127,103,63,#7F673F
3,47,132,107,64,#846B40
4,0,151,136,98,#978862
4,1,112,97,67,#706143
4,2,81,64,42,#51402A
4,3,169,153,124,#A9997C
4,4,143,128,102,#8F8066
4,5,83,68,41,#534429
4,6,65,51,28,#41331C
4,7,84,67,40,#544328
4,8,82,66,37,#524225
4,9,88,70,41,#584629
4,10,88,71,42,#58472A
4,11,88,72,42,#58482A
4,12,87,70,40,#574628
4,13,81,64,35,#514023
4,14,57,46,27,#392E1B
4,15,35,29,22,#231D16
4,16,29,22,18,#1D1612
4,17,69,55,39,#453727
4,18,136,113,79,#88714F
4,19,149,123,92,#957B5C
4,20,154,128,94,#9A805E
4,21,147,123,93,#937B5D
4,22,146,120,87,#927857
4,23,104,78,54,#684E36
4,24,112,100,80,#706450
4,25,203,195,163,#CBC3A3
4,26,199,190,159,#C7BE9F
4,27,198,187,158,#C6BB9E
4,28,206,194,163,#CEC2A3
4,29,166,156,131,#A69C83
4,30,48,40,30,#30281E
4,31,55,47,33,#372F21
4,32,56,48,35,#383023
4,33,51,43,32,#332B20
4,34,57,46,32,#392E20
4,35,171,156,124,#AB9C7C
4,36,212,201,170,#D4C9AA
4,37,211,199,169,#D3C7A9
4,38,213,202,171,#D5CAAB
4,39,207,196,164,#CFC4A4
4,40,208,197,165,#D0C5A5
4,41,215,205,173,#D7CDAD
4,42,215,206,175,#D7CEAF
4,43,212,202,176,#D4CAB0
4,44,168,150,116,#A89674
4,45,140,115,72,#8C7348
4,46,145,120,77,#91784D
4,47,143,119,74,#8F774A
5,0,152,135,99,#988763
5,1,134,117,82,#867552
5,2,115,105,83,#736953
5,3,119,105,83,#776953
5,4,121,102,76,#79664C
5,5,124,109,83,#7C6D53
5,6,67,56,39,#433827
5,7,65,50,30,#41321E
5,8,69,57,36,#453924
5,9,51,41,27,#33291B
5,10,68,54,34,#443622
5,11,90,74,45,#5A4A2D
5,12,86,69,43,#56452B
5,13,81,64,37,#514025
5,14,61,49,29,#3D311D
5,15,35,29,21,#231D15
5,16,34,26,20,#221A14
5,17,110,90,62,#6E5A3E
5,18,94,78,54,#5E4E36
5,19,53,42,34,#352A22
5,20,117,94,72,#755E48
5,21,42,34,27,#2A221B
5,22,90,71,56,#5A4738
5,23,112,84,62,#70543E
5,24,116,90,71,#745A47
5,25,211,204,177,#D3CCB1
5,26,225,222,197,#E1DEC5
5,27,221,217,192,#DDD9C0
5,28,226,222,197,#E2DEC5
5,29,208,205,182,#D0CDB6
5,30,74,66,55,#4A4237
5,31,52,44,33,#342C21
5,32,60,51,39,#3C3327
5,33,49,42,33,#312A21
5,34,76,63,49,#4C3F31
5,35,203,194,167,#CBC2A7
5,36,223,222,197,#DFDEC5
5,37,219,215,191,#DBD7BF
5,38,220,217,193,#DCD9C1
5,39,222,218,195,#DEDAC3
5,40,222,220,196,#DEDCC4
5,41,220,214,193,#DCD6C1
5,42,205,194,165,#CDC2A5
5,43,208,198,167,#D0C6A7
5,44,170,152,116,#AA9874
5,45,137,112,70,#897046
5,46,144,118,74,#90764A
5,47,146,121,77,#92794D
6,0,152,137,101,#988965
6,1,143,129,92,#8F815C
6,2,81,68,47,#51442F
6,3,68,52,34,#443422
6,4,105,88,62,#69583E
6,5,127,110,84,#7F6E54
6,6,128,112,84,#807054
6,7,106,90,63,#6A5A3F
6,8,48,39,29,#30271D
6,9,23,18,13,#17120D
6,10,48,38,26,#30261A
6,11,88,71,46,#58472E
6,12,90,73,45,#5A492D
6,13,83,64,40,#534028
6,14,63,51,32,#3F3320
6,15,37,31,23,#251F17
6,16,38,29,22,#261D16
6,17,126,108,81,#7E6C51
6,18,161,145,118,#A19176
6,19,103,77,59,#674D3B
6,20,150,117,91,#96755B
6,21,103,77,60,#674D3C
6,22,123,93,70,#7B5D46
6,23,123,90,65,#7B5A41
6,24,144,116,93,#90745D
6,25,217,210,183,#D9D2B7
6,26,220,215,188,#DCD7BC
6,27,220,215,188,#DCD7BC
6,28,220,216,189,#DCD8BD
6,29,218,214,188,#DAD6BC
6,30,89,82,69,#595245
6,31,48,40,31,#30281F
6,32,56,48,39,#383027
6,33,43,36,31,#2B241F
6,34,90,78,61,#5A4E3D
6,35,215,208,179,#D7D0B3
6,36,221,218,192,#DDDAC0
6,37,220,216,190,#DCD8BE
6,38,221,217,190,#DDD9BE
6,39,221,216,190,#DDD8BE
6,40,221,217,190,#DDD9BE
6,41,220,214,189,#DCD6BD
6,42,209,200,172,#D1C8AC
6,43,212,205,178,#D4CDB2
6,44,207,200,171,#CFC8AB
6,45,187,175,138,#BBAF8A
6,46,191,177,139,#BFB18B
6,47,190,176,139,#BEB08B
7,0,150,135,99,#968763
7,1,135,120,86,#877856
7,2,64,53,38,#403526
7,3,49,38,26,#31261A
7,4,78,63,43,#4E3F2B
7,5,110,94,69,#6E5E45
7,6,126,108,82,#7E6C52
7,7,138,120,91,#8A785B
7,8,93,79,58,#5D4F3A
7,9,48,38,27,#30261B
7,10,53,43,28,#352B1C
7,11,91,74,48,#5B4A30
7,12,91,75,47,#5B4B2F
7,13,83,66,42,#53422A
7,14,59,47,33,#3B2F21
7,15,41,35,28,#29231C
7,16,36,29,20,#241D14
7,17,130,116,94,#82745E
7,18,218,209,183,#DAD1B7
7,19,142,114,88,#8E7258
7,20,135,102,77,#87664D
7,21,155,121,93,#9B795D
7,22,142,109,83,#8E6D53
7,23,114,87,68,#725744
7,24,206,195,173,#CEC3AD
7,25,225,221,193,#E1DDC1
7,26,221,215,188,#DDD7BC
7,27,222,216,189,#DED8BD
7,28,222,216,189,#DED8BD
7,29,222,216,191,#DED8BF
7,30,91,83,71,#5B5347
7,31,48,42,32,#302A20
7,32,54,46,39,#362E27
7,33,42,36,31,#2A241F
7,34,94,82,65,#5E5241
7,35,219,212,183,#DBD4B7
7,36,224,218,192,#E0DAC0
7,37,221,216,190,#DDD8BE
7,38,222,217,190,#DED9BE
7,39,223,218,191,#DFDABF
7,40,223,218,191,#DFDABF
7,41,223,219,192,#DFDBC0
7,42,226,223,196,#E2DFC4
7,43,225,221,195,#E1DDC3
7,44,226,221,195,#E2DDC3
7,45,226,222,198,#E2DEC6
7,46,227,222,197,#E3DEC5
7,47,227,221,197,#E3DDC5
8,0,149,133,97,#958561
8,1,136,121,86,#887956
8,2,59,51,35,#3B3323
8,3,54,45,30,#362D1E
8,4,64,52,34,#403422
8,5,73,59,42,#493B2A
8,6,102,85,63,#66553F
8,7,127,111,83,#7F6F53
8,8,139,121,93,#8B795D
8,9,113,97,74,#71614A
8,10,77,63,46,#4D3F2E
8,11,96,79,54,#604F36
8,12,90,74,47,#5A4A2F
8,13,87,72,47,#57482F
8,14,51,41,30,#33291E
8,15,33,29,23,#211D17
8,16,59,47,37,#3B2F25
8,17,126,111,88,#7E6F58
8,18,226,219,191,#E2DBBF
8,19,169,151,126,#A9977E
8,20,135,100,75,#87644B
8,21,148,116,87,#947457
8,22,122,92,69,#7A5C45
8,23,110,83,66,#6E5342
8,24,198,189,167,#C6BDA7
8,25,230,225,196,#E6E1C4
8,26,221,217,187,#DDD9BB
8,27,221,216,187,#DDD8BB
8,28,221,216,187,#DDD8BB
8,29,222,217,190,#DED9BE
8,30,90,83,70,#5A5346
8,31,48,41,33,#302921
8,32,55,48,42,#37302A
8,33,45,39,34,#2D2722
8,34,94,81,65,#5E5141
8,35,219,211,181,#DBD3B5
8,36,224,219,191,#E0DBBF
8,37,223,217,191,#DFD9BF
8,38,224,218,192,#E0DAC0
8,39,224,218,191,#E0DABF
8,40,224,219,190,#E0DBBE
8,41,224,218,192,#E0DAC0
8,42,224,218,189,#E0DABD
8,43,224,218,190,#E0DABE
8,44,224,217,191,#E0D9BF
8,45,223,217,190,#DFD9BE
8,46,223,217,190,#DFD9BE
8,47,223,217,191,#DFD9BF
9,0,146,132,95,#92845F
9,1,122,109,77,#7A6D4D
9,2,54,46,29,#362E1D
9,3,61,51,32,#3D3320
9,4,62,51,34,#3E3322
9,5,42,32,24,#2A2018
9,6,67,53,36,#433524
9,7,100,85,62,#64553E
9,8,121,104,78,#79684E
9,9,135,118,90,#87765A
9,10,138,118,92,#8A765C
9,11,131,113,86,#837156
9,12,117,100,71,#756447
9,13,100,84,58,#64543A
9,14,71,59,43,#473B2B
9,15,80,69,53,#504535
9,16,135,118,92,#87765C
9,17,122,104,81,#7A6851
9,18,142,129,108,#8E816C
9,19,150,134,113,#968671
9,20,133,107,84,#856B54
9,21,124,93,69,#7C5D45
9,22,121,91,70,#795B46
9,23,165,147,127,#A5937F
9,24,145,136,115,#918873
9,25,177,165,139,#B1A58B
9,26,225,218,189,#E1DABD
9,27,227,222,192,#E3DEC0
9,28,225,220,190,#E1DCBE
9,29,222,218,189,#DEDABD
9,30,93,86,72,#5D5648
9,31,49,42,33,#312A21
9,32,55,48,42,#37302A
9,33,46,40,35,#2E2823
9,34,97,86,69,#615645
9,35,219,212,182,#DBD4B6
9,36,223,219,190,#DFDBBE
9,37,223,218,189,#DFDABD
9,38,224,219,190,#E0DBBE
9,39,224,218,189,#E0DABD
9,40,224,219,190,#E0DBBE
9,41,225,218,190,#E1DABE
9,42,224,219,190,#E0DBBE
9,43,224,219,190,#E0DBBE
9,44,224,219,191,#E0DBBF
9,45,224,219,191,#E0DBBF
9,46,224,219,190,#E0DBBE
9,47,224,219,191,#E0DBBF
10,0,137,122,87,#897A57
10,1,121,107,78,#796B4E
10,2,55,46,31,#372E1F
10,3,61,51,33,#3D3321
10,4,64,53,35,#403523
10,5,40,32,26,#28201A
10,6,55,45,30,#372D1E
10,7,63,50,33,#3F3221
10,8,89,75,55,#594B37
10,9,113,97,71,#716147
10,10,129,111,83,#816F53
10,11,137,119,93,#89775D
10,12,141,123,95,#8D7B5F
10,13,136,118,90,#88765A
10,14,136,119,90,#88775A
10,15,149,130,101,#958265
10,16,142,125,97,#8E7D61
10,17,136,120,93,#88785D
10,18,120,102,76,#78664C
10,19,105,89,71,#695947
10,20,165,157,138,#A59D8A
10,21,125,100,85,#7D6455
10,22,182,166,143,#B6A68F
10,23,209,204,178,#D1CCB2
10,24,176,168,143,#B0A88F
10,25,127,109,83,#7F6D53
10,26,148,132,105,#948469
10,27,180,168,141,#B4A88D
10,28,207,199,170,#CFC7AA
10,29,228,221,192,#E4DDC0
10,30,93,84,70,#5D5446
10,31,44,37,28,#2C251C
10,32,54,48,40,#363028
10,33,50,42,36,#322A24
10,34,97,86,68,#615644
10,35,219,211,181,#DBD3B5
10,36,224,218,190,#E0DABE
10,37,225,217,188,#E1D9BC
10,38,225,218,190,#E1DABE
10,39,225,218,190,#E1DABE
10,40,225,218,190,#E1DABE
10,41,225,218,190,#E1DABE
10,42,225,218,189,#E1DABD
10,43,225,218,189,#E1DABD
10,44,225,218,189,#E1DABD
10,45,225,220,191,#E1DCBF
10,46,224,220,190,#E0DCBE
10,47,224,219,190,#E0DBBE
11,0,132,116,83,#847453
11,1,126,112,81,#7E7051
11,2,60,50,35,#3C3223
11,3,60,51,34,#3C3322
11,4,62,51,35,#3E3323
11,5,41,33,26,#29211A
11,6,55,46,30,#372E1E
11,7,74,62,42,#4A3E2A
11,8,58,48,35,#3A3023
11,9,61,49,36,#3D3124
11,10,90,76,57,#5A4C39
11,11,100,83,64,#645340
11,12,109,93,70,#6D5D46
11,13,127,111,85,#7F6F55
11,14,145,128,99,#918063
11,15,146,130,102,#928266
11,16,142,126,97,#8E7E61
11,17,148,132,99,#948463
11,18,130,114,89,#827259
11,19,158,150,131,#9E9683
11,20,169,160,137,#A9A089
11,21,85,69,55,#554537
11,22,182,175,153,#B6AF99
11,23,218,211,184,#DAD3B8
11,24,192,184,157,#C0B89D
11,25,142,126,98,#8E7E62
11,26,135,118,91,#87765B
11,27,131,114,87,#837257
11,28,137,119,92,#89775C
11,29,166,149,121,#A69579
11,30,94,83,67,#5E5343
11,31,44,37,29,#2C251D
11,32,53,47,38,#352F26
11,33,47,40,32,#2F2820
11,34,96,84,69,#605445
11,35,222,214,184,#DED6B8
11,36,224,218,188,#E0DABC
11,37,224,217,188,#E0D9BC
11,38,226,218,190,#E2DABE
11,39,227,219,191,#E3DBBF
11,40,226,219,190,#E2DBBE
11,41,225,219,190,#E1DBBE
11,42,226,219,189,#E2DBBD
11,43,226,219,189,#E2DBBD
11,44,225,219,189,#E1DBBD
11,45,225,219,190,#E1DBBE
11,46,225,219,190,#E1DBBE
11,47,225,219,190,#E1DBBE
12,0,130,113,80,#827150
12,1,126,111,80,#7E6F50
12,2,57,48,33,#393021
12,3,62,55,37,#3E3725
12,4,59,49,34,#3B3122
12,5,40,31,25,#281F19
12,6,57,50,34,#393222
12,7,76,66,46,#4C422E
12,8,48,41,29,#30291D
12,9,39,32,23,#272017
12,10,57,47,33,#392F21
12,11,75,62,43,#4B3E2B
12,12,66,54,40,#423628
12,13,101,85,64,#655540
12,14,150,133,102,#968566
12,15,148,131,102,#948366
12,16,152,136,105,#988869
12,17,139,122,94,#8B7A5E
12,18,134,123,105,#867B69
12,19,203,199,175,#CBC7AF
12,20,133,118,98,#857662
12,21,103,83,67,#675343
12,22,193,186,160,#C1BAA0
12,23,208,201,176,#D0C9B0
12,24,195,186,160,#C3BAA0
12,25,148,132,100,#948464
12,26,144,127,98,#907F62
12,27,140,125,96,#8C7D60
12,28,136,120,91,#88785B
12,29,130,112,84,#827054
12,30,91,78,59,#5B4E3B
12,31,45,38,30,#2D261E
12,32,53,46,37,#352E25
12,33,43,36,29,#2B241D
12,34,96,84,68,#605444
12,35,218,207,175,#DACFAF
12,36,220,212,180,#DCD4B4
12,37,222,211,181,#DED3B5
12,38,222,212,182,#DED4B6
12,39,222,212,182,#DED4B6
12,40,223,214,184,#DFD6B8
12,41,222,214,185,#DED6B9
12,42,221,214,182,#DDD6B6
12,43,222,215,184,#DED7B8
12,44,222,214,186,#DED6BA
12,45,222,214,185,#DED6B9
12,46,222,215,185,#DED7B9
12,47,223,215,185,#DFD7B9
13,0,131,116,81,#837451
13,1,124,110,79,#7C6E4F
13,2,55,47,32,#372F20
13,3,62,54,37,#3E3625
13,4,59,50,35,#3B3223
13,5,39,30,24,#271E18
13,6,53,44,31,#352C1F
13,7,68,56,41,#443829
13,8,45,37,28,#2D251C
13,9,41,32,25,#292019
13,10,55,45,33,#372D21
13,11,98,85,61,#62553D
13,12,79,67,47,#4F432F
13,13,113,98,74,#71624A
13,14,154,137,106,#9A896A
13,15,149,132,102,#958466
13,16,146,128,100,#928064
13,17,119,104,86,#776856
13,18,189,182,161,#BDB6A1
13,19,218,209,187,#DAD1BB
13,20,114,94,78,#725E4E
13,21,79,55,43,#4F372B
13,22,193,182,160,#C1B6A0
13,23,212,205,181,#D4CDB5
13,24,194,184,159,#C2B89F
13,25,148,130,99,#948263
13,26,151,135,101,#978765
13,27,129,112,84,#817054
13,28,128,111,86,#806F56
13,29,126,109,83,#7E6D53
13,30,96,81,61,#60513D
13,31,55,47,36,#372F24
13,32,49,43,33,#312B21
13,33,42,34,26,#2A221A
13,34,95,84,63,#5F543F
13,35,211,197,158,#D3C59E
13,36,211,195,158,#D3C39E
13,37,211,195,158,#D3C39E
13,38,211,195,158,#D3C39E
13,39,210,195,158,#D2C39E
13,40,213,197,159,#D5C59F
13,41,213,198,159,#D5C69F
13,42,213,196,160,#D5C4A0
13,43,210,195,160,#D2C3A0
13,44,209,195,159,#D1C39F
13,45,211,195,160,#D3C3A0
13,46,209,195,161,#D1C3A1
13,47,210,196,162,#D2C4A2
14,0,135,119,86,#877756
14,1,119,106,77,#776A4D
14,2,54,46,31,#362E1F
14,3,61,53,36,#3D3524
14,4,56,47,34,#382F22
14,5,36,30,23,#241E17
14,6,47,37,27,#2F251B
14,7,70,61,43,#463D2B
14,8,55,48,36,#373024
14,9,38,31,25,#261F19
14,10,57,48,35,#393023
14,11,99,85,61,#63553D
14,12,91,79,57,#5B4F39
14,13,133,117,88,#857558
14,14,155,138,106,#9B8A6A
14,15,147,129,101,#938165
14,16,113,96,77,#71604D
14,17,139,131,114,#8B8372
14,18,211,206,179,#D3CEB3
14,19,201,191,168,#C9BFA8
14,20,102,78,63,#664E3F
14,21,76,52,39,#4C3427
14,22,182,170,147,#B6AA93
14,23,220,214,187,#DCD6BB
14,24,202,192,167,#CAC0A7
14,25,147,131,100,#938364
14,26,148,132,99,#948463
14,27,121,104,78,#79684E
14,28,124,106,81,#7C6A51
14,29,115,98,73,#736249
14,30,97,80,59,#61503B
14,31,71,60,45,#473C2D
14,32,49,41,32,#312920
14,33,48,39,30,#30271E
14,34,96,85,62,#60553E
14,35,211,195,154,#D3C39A
14,36,209,193,153,#D1C199
14,37,205,190,151,#CDBE97
14,38,205,189,151,#CDBD97
14,39,204,189,151,#CCBD97
14,40,205,188,153,#CDBC99
14,41,207,192,153,#CFC099
14,42,207,191,153,#CFBF99
14,43,206,191,153,#CEBF99
14,44,206,190,150,#CEBE96
14,45,205,190,151,#CDBE97
14,46,206,191,153,#CEBF99
14,47,208,192,154,#D0C09A
15,0,132,116,83,#847453
15,1,114,102,74,#72664A
15,2,52,45,31,#342D1F
15,3,61,53,36,#3D3524
15,4,51,44,33,#332C21
15,5,33,27,21,#211B15
15,6,50,43,31,#322B1F
15,7,68,61,43,#443D2B
15,8,61,53,43,#3D352B
15,9,37,31,25,#251F19
15,10,59,51,37,#3B3325
15,11,94,82,59,#5E523B
15,12,93,79,57,#5D4F39
15,13,138,122,92,#8A7A5C
15,14,150,133,101,#968565
15,15,126,108,85,#7E6C55
15,16,89,77,66,#594D42
15,17,170,164,143,#AAA48F
15,18,216,210,183,#D8D2B7
15,19,191,179,156,#BFB39C
15,20,91,65,51,#5B4133
15,21,83,57,44,#53392C
15,22,178,165,145,#B2A591
15,23,220,215,188,#DCD7BC
15,24,202,194,168,#CAC2A8
15,25,146,130,100,#928264
15,26,144,127,96,#907F60
15,27,115,98,73,#736249
15,28,116,100,75,#74644B
15,29,92,78,59,#5C4E3B
15,30,102,87,64,#665740
15,31,83,70,51,#534633
15,32,49,42,31,#312A1F
15,33,48,40,28,#30281C
15,34,91,81,58,#5B513A
15,35,209,193,153,#D1C199
15,36,212,197,156,#D4C59C
15,37,211,197,156,#D3C59C
15,38,213,198,158,#D5C69E
15,39,211,195,156,#D3C39C
15,40,213,198,158,#D5C69E
15,41,213,197,157,#D5C59D
15,42,212,197,156,#D4C59C
15,43,213,198,159,#D5C69F
15,44,213,198,159,#D5C69F
15,45,212,197,157,#D4C59D
15,46,213,198,159,#D5C69F
15,47,214,199,161,#D6C7A1
16,0,131,116,81,#837451
16,1,114,102,73,#726649
16,2,48,42,30,#302A1E
16,3,54,47,33,#362F21
16,4,48,42,30,#302A1E
16,5,35,29,23,#231D17
16,6,54,46,35,#362E23
16,7,58,52,39,#3A3427
16,8,49,43,33,#312B21
16,9,45,38,28,#2D261C
16,10,59,50,37,#3B3225
16,11,87,76,52,#574C34
16,12,117,101,75,#75654B
16,13,149,130,100,#958264
16,14,153,136,103,#998867
16,15,73,61,48,#493D30
16,16,74,67,59,#4A433B
16,17,186,179,156,#BAB39C
16,18,207,201,175,#CFC9AF
16,19,175,163,140,#AFA38C
16,20,82,57,42,#52392A
16,21,82,57,43,#52392B
16,22,176,163,142,#B0A38E
16,23,221,214,188,#DDD6BC
16,24,200,193,166,#C8C1A6
16,25,144,128,99,#908063
16,26,136,119,90,#88775A
16,27,104,88,63,#68583F
16,28,113,96,73,#716049
16,29,90,76,57,#5A4C39
16,30,99,83,62,#63533E
16,31,82,69,50,#524532
16,32,53,45,33,#352D21
16,33,39,32,22,#272016
16,34,96,84,65,#605441
16,35,216,200,160,#D8C8A0
16,36,212,197,157,#D4C59D
16,37,218,203,161,#DACBA1
16,38,129,114,87,#817257
16,39,102,88,66,#665842
16,40,205,189,151,#CDBD97
16,41,217,203,162,#D9CBA2
16,42,214,199,159,#D6C79F
16,43,214,199,160,#D6C7A0
16,44,215,200,160,#D7C8A0
16,45,216,201,160,#D8C9A0
16,46,215,200,160,#D7C8A0
16,47,215,200,161,#D7C8A1
17,0,131,117,81,#837551
17,1,111,99,69,#6F6345
17,2,63,55,38,#3F3726
17,3,68,60,42,#443C2A
17,4,63,55,36,#3F3724
17,5,66,58,40,#423A28
17,6,62,53,36,#3E3524
17,7,63,55,38,#3F3726
17,8,73,65,45,#49412D
17,9,71,62,42,#473E2A
17,10,75,64,47,#4B402F
17,11,81,69,47,#51452F
17,12,138,122,90,#8A7A5A
17,13,143,125,96,#8F7D60
17,14,113,98,78,#71624E
17,15,22,16,14,#16100E
17,16,68,61,54,#443D36
17,17,185,179,156,#B9B39C
17,18,207,202,177,#CFCAB1
17,19,160,148,125,#A0947D
17,20,75,50,34,#4B3222
17,21,82,57,42,#52392A
17,22,168,156,133,#A89C85
17,23,212,206,180,#D4CEB4
17,24,191,182,157,#BFB69D
17,25,143,127,99,#8F7F63
17,26,122,105,79,#7A694F
17,27,101,84,62,#65543E
17,28,91,76,55,#5B4C37
17,29,84,69,52,#544534
17,30,111,95,71,#6F5F47
17,31,91,77,54,#5B4D36
17,32,62,52,38,#3E3426
17,33,40,32,22,#282016
17,34,101,89,71,#655947
17,35,223,207,166,#DFCFA6
17,36,227,211,168,#E3D3A8
17,37,186,168,128,#BAA880
17,38,58,44,27,#3A2C1B
17,39,83,66,45,#53422D
17,40,202,183,145,#CAB791
17,41,226,209,166,#E2D1A6
17,42,220,204,162,#DCCCA2
17,43,222,207,164,#DECFA4
17,44,220,205,162,#DCCDA2
17,45,219,204,163,#DBCCA3
17,46,222,207,164,#DECFA4
17,47,220,205,163,#DCCDA3
18,0,130,115,81,#827351
18,1,107,94,67,#6B5E43
18,2,64,55,35,#403723
18,3,76,65,44,#4C412C
18,4,80,69,48,#504530
18,5,70,62,41,#463E29
18,6,73,63,41,#493F29
18,7,74,63,43,#4A3F2B
18,8,79,68,48,#4F4430
18,9,85,73,53,#554935
18,10,80,69,50,#504532
18,11,99,86,65,#635641
18,12,152,136,102,#988866
18,13,108,94,72,#6C5E48
18,14,48,38,30,#30261E
18,15,25,17,15,#19110F
18,16,64,56,49,#403831
18,17,179,172,149,#B3AC95
18,18,216,212,187,#D8D4BB
18,19,162,148,126,#A2947E
18,20,74,48,33,#4A3021
18,21,82,55,41,#523729
18,22,157,145,123,#9D917B
18,23,198,192,166,#C6C0A6
18,24,180,172,146,#B4AC92
18,25,142,127,98,#8E7F62
18,26,109,92,68,#6D5C44
18,27,95,78,58,#5F4E3A
18,28,85,71,52,#554734
18,29,68,55,40,#443728
18,30,110,95,69,#6E5F45
18,31,105,88,63,#69583F
18,32,80,68,49,#504431
18,33,42,33,24,#2A2118
18,34,106,92,72,#6A5C48
18,35,229,212,168,#E5D4A8
18,36,229,212,167,#E5D4A7
18,37,145,131,99,#918363
18,38,71,58,41,#473A29
18,39,97,84,63,#61543F
18,40,178,166,132,#B2A684
18,41,227,208,164,#E3D0A4
18,42,221,203,159,#DDCB9F
18,43,222,205,161,#DECDA1
18,44,221,203,160,#DDCBA0
18,45,219,203,160,#DBCBA0
18,46,221,204,161,#DDCCA1
18,47,221,204,161,#DDCCA1
19,0,135,119,85,#877755
19,1,115,103,74,#73674A
19,2,57,49,31,#39311F
19,3,65,55,37,#413725
19,4,66,58,40,#423A28
19,5,62,57,38,#3E3926
19,6,69,61,43,#453D2B
19,7,69,62,44,#453E2C
19,8,75,67,49,#4B4331
19,9,81,71,54,#514736
19,10,74,64,46,#4A402E
19,11,117,103,78,#75674E
19,12,101,86,65,#655641
19,13,62,49,38,#3E3126
19,14,62,51,41,#3E3329
19,15,26,20,17,#1A1411
19,16,56,49,41,#383129
19,17,179,172,150,#B3AC96
19,18,207,202,178,#CFCAB2
19,19,158,144,121,#9E9079
19,20,72,47,32,#482F20
19,21,81,57,41,#513929
19,22,175,160,139,#AFA08B
19,23,215,209,183,#D7D1B7
19,24,200,194,168,#C8C2A8
19,25,149,134,107,#95866B
19,26,100,83,62,#64533E
19,27,97,80,60,#61503C
19,28,83,67,50,#534332
19,29,55,45,34,#372D22
19,30,102,87,64,#665740
19,31,98,83,59,#62533B
19,32,90,76,56,#5A4C38
19,33,47,38,28,#2F261C
19,34,79,69,51,#4F4533
19,35,219,201,161,#DBC9A1
19,36,230,213,168,#E6D5A8
19,37,123,110,86,#7B6E56
19,38,85,73,55,#554937
19,39,93,81,64,#5D5140
19,40,150,139,110,#968B6E
19,41,227,207,161,#E3CFA1
19,42,227,210,166,#E3D2A6
19,43,227,209,166,#E3D1A6
19,44,227,210,166,#E3D2A6
19,45,226,211,166,#E2D3A6
19,46,225,207,163,#E1CFA3
19,47,226,208,164,#E2D0A4
20,0,131,116,82,#837452
20,1,117,105,76,#75694C
20,2,63,55,38,#3F3726
20,3,66,59,42,#423B2A
20,4,66,59,43,#423B2B
20,5,67,62,45,#433E2D
20,6,71,65,46,#47412E
20,7,74,67,49,#4A4331
20,8,76,69,51,#4C4533
20,9,77,69,51,#4D4533
20,10,76,67,51,#4C4333
20,11,81,69,54,#514536
20,12,67,55,41,#433729
20,13,88,74,57,#584A39
20,14,68,58,46,#443A2E
20,15,16,13,11,#100D0B
20,16,50,41,35,#322923
20,17,175,168,147,#AFA893
20,18,203,198,172,#CBC6AC
20,19,148,133,111,#94856F
20,20,69,46,31,#452E1F
20,21,76,55,38,#4C3726
20,22,180,165,144,#B4A590
20,23,213,207,181,#D5CFB5
20,24,200,194,168,#C8C2A8
20,25,149,135,110,#95876E
20,26,95,78,58,#5F4E3A
20,27,93,78,58,#5D4E3A
20,28,81,66,48,#514230
20,29,57,45,35,#392D23
20,30,84,69,52,#544534
20,31,93,78,61,#5D4E3D
20,32,95,79,58,#5F4F3A
20,33,62,51,36,#3E3324
20,34,56,46,34,#382E22
20,35,192,175,140,#C0AF8C
20,36,236,219,174,#ECDBAE
20,37,144,130,101,#908265
20,38,81,68,51,#514433
20,39,109,98,79,#6D624F
20,40,173,156,123,#AD9C7B
20,41,225,202,158,#E1CA9E
20,42,226,210,167,#E2D2A7
20,43,228,212,169,#E4D4A9
20,44,230,214,171,#E6D6AB
20,45,229,214,172,#E5D6AC
20,46,229,213,171,#E5D5AB
20,47,229,213,170,#E5D5AA
21,0,132,118,85,#847655
21,1,116,104,76,#74684C
21,2,63,55,39,#3F3727
21,3,61,54,38,#3D3626
21,4,61,54,38,#3D3626
21,5,59,52,38,#3B3426
21,6,66,59,42,#423B2A
21,7,72,65,47,#48412F
21,8,73,66,49,#494231
21,9,73,66,48,#494230
21,10,76,68,49,#4C4431
21,11,101,88,67,#655843
21,12,111,96,75,#6F604B
21,13,112,96,74,#70604A
21,14,88,76,57,#584C39
21,15,26,22,18,#1A1612
21,16,40,31,27,#281F1B
21,17,160,153,132,#A09984
21,18,209,204,177,#D1CCB1
21,19,143,128,108,#8F806C
21,20,68,44,30,#442C1E
21,21,76,54,38,#4C3626
21,22,178,163,142,#B2A38E
21,23,212,206,179,#D4CEB3
21,24,206,199,174,#CEC7AE
21,25,147,139,116,#938B74
21,26,90,75,55,#5A4B37
21,27,85,70,52,#554634
21,28,81,68,49,#514431
21,29,126,111,92,#7E6F5C
21,30,66,52,42,#42342A
21,31,111,95,74,#6F5F4A
21,32,114,97,74,#72614A
21,33,67,54,40,#433628
21,34,62,50,38,#3E3226
21,35,197,182,147,#C5B693
21,36,246,231,185,#F6E7B9
21,37,163,149,118,#A39576
21,38,75,64,48,#4B4030
21,39,96,84,67,#605443
21,40,156,139,110,#9C8B6E
21,41,231,213,172,#E7D5AC
21,42,234,219,177,#EADBB1
21,43,232,216,174,#E8D8AE
21,44,232,216,174,#E8D8AE
21,45,233,217,174,#E9D9AE
21,46,232,217,174,#E8D9AE
21,47,231,217,174,#E7D9AE
22,0,134,121,88,#867958
22,1,108,98,71,#6C6247
22,2,57,50,34,#393222
22,3,58,51,33,#3A3321
22,4,62,55,39,#3E3727
22,5,65,58,42,#413A2A
22,6,74,66,50,#4A4232
22,7,79,72,54,#4F4836
22,8,76,69,52,#4C4534
22,9,78,71,54,#4E4736
22,10,71,65,48,#474130
22,11,105,92,69,#695C45
22,12,125,108,82,#7D6C52
22,13,122,103,78,#7A674E
22,14,113,97,74,#71614A
22,15,50,41,34,#322922
22,16,27,20,17,#1B1411
22,17,150,143,122,#968F7A
22,18,211,207,180,#D3CFB4
22,19,144,129,108,#90816C
22,20,69,44,30,#452C1E
22,21,75,53,36,#4B3524
22,22,170,158,136,#AA9E88
22,23,206,200,174,#CEC8AE
22,24,203,197,172,#CBC5AC
22,25,171,163,140,#ABA38C
22,26,97,84,60,#61543C
22,27,97,81,61,#61513D
22,28,70,56,40,#463828
22,29,142,128,105,#8E8069
22,30,96,80,60,#60503C
22,31,134,117,90,#86755A
22,32,110,93,68,#6E5D44
22,33,58,48,35,#3A3023
22,34,56,48,38,#383026
22,35,202,188,153,#CABC99
22,36,238,223,179,#EEDFB3
22,37,116,105,79,#74694F
22,38,80,71,55,#504737
22,39,84,77,58,#544D3A
22,40,135,125,101,#877D65
22,41,217,201,162,#D9C9A2
22,42,227,212,172,#E3D4AC
22,43,234,219,178,#EADBB2
22,44,233,219,177,#E9DBB1
22,45,233,220,175,#E9DCAF
22,46,233,218,175,#E9DAAF
22,47,231,216,174,#E7D8AE
23,0,133,120,87,#857857
23,1,108,97,71,#6C6147
23,2,58,52,37,#3A3425
23,3,66,58,41,#423A29
23,4,68,60,44,#443C2C
23,5,80,73,57,#504939
23,6,72,65,49,#484131
23,7,73,67,50,#494332
23,8,78,72,56,#4E4838
23,9,77,71,56,#4D4738
23,10,67,62,47,#433E2F
23,11,77,70,54,#4D4636
23,12,131,115,89,#837359
23,13,138,121,93,#8A795D
23,14,117,100,74,#75644A
23,15,82,69,53,#524535
23,16,32,24,19,#201813
23,17,140,133,112,#8C8570
23,18,211,207,179,#D3CFB3
23,19,148,134,111,#94866F
23,20,64,40,26,#40281A
23,21,70,48,33,#463021
23,22,166,153,131,#A69983
23,23,209,203,177,#D1CBB1
23,24,197,190,163,#C5BEA3
23,25,188,181,156,#BCB59C
23,26,113,99,77,#71634D
23,27,109,92,69,#6D5C45
23,28,85,69,51,#554533
23,29,122,106,85,#7A6A55
23,30,125,110,82,#7D6E52
23,31,133,117,89,#857559
23,32,97,83,59,#61533B
23,33,50,45,33,#322D21
23,34,47,44,40,#2F2C28
23,35,187,175,144,#BBAF90
23,36,213,199,161,#D5C7A1
23,37,83,75,58,#534B3A
23,38,67,61,45,#433D2D
23,39,71,63,47,#473F2F
23,40,70,63,51,#463F33
23,41,53,44,34,#352C22
23,42,171,156,124,#AB9C7C
23,43,239,225,181,#EFE1B5
23,44,228,215,174,#E4D7AE
23,45,230,215,174,#E6D7AE
23,46,229,214,174,#E5D6AE
23,47,230,215,173,#E6D7AD
